Workbook

Sheet Trainer_Master
A1: Trainer_ID | B1: Trainer_Name | C1: Primary_Course | D1: Secondary_Course | E1: Experience_Years | F1: Rating | G1: View Calendar | H1: Current Status
A2: T001 | B2: Karan Jain | C2: Tableau | D2: Power BI | E2: 14 | F2: 3.8 | H2: =IF(COUNTIFS(Engagements!B:B,A2,Engagements!F:F,"Ongoing")>0,"BUSY",IF(COUNTIFS(Engagements!B:B,A2,Engagements!F:F,"Scheduled")>0,"UPCOMING","FREE")) -> UPCOMING
A3: T002 | B3: Rohit Jain | C3: Python | D3: Excel VBA | E3: 9 | F3: 3.8 | H3: =IF(COUNTIFS(Engagements!B:B,A3,Engagements!F:F,"Ongoing")>0,"BUSY",IF(COUNTIFS(Engagements!B:B,A3,Engagements!F:F,"Scheduled")>0,"UPCOMING","FREE")) -> BUSY
A4: T003 | B4: Priya Mishra | C4: SQL | D4: Python | E4: 12 | F4: 4 | H4: =IF(COUNTIFS(Engagements!B:B,A4,Engagements!F:F,"Ongoing")>0,"BUSY",IF(COUNTIFS(Engagements!B:B,A4,Engagements!F:F,"Scheduled")>0,"UPCOMING","FREE")) -> BUSY
A5: T004 | B5: Pooja Verma | C5: Python | D5: Excel VBA | E5: 5 | F5: 4.1 | H5: =IF(COUNTIFS(Engagements!B:B,A5,Engagements!F:F,"Ongoing")>0,"BUSY",IF(COUNTIFS(Engagements!B:B,A5,Engagements!F:F,"Scheduled")>0,"UPCOMING","FREE")) -> BUSY
A6: T005 | B6: Rahul Agarwal | C6: Power BI | D6: Python | E6: 12 | F6: 4.2 | H6: =IF(COUNTIFS(Engagements!B:B,A6,Engagements!F:F,"Ongoing")>0,"BUSY",IF(COUNTIFS(Engagements!B:B,A6,Engagements!F:F,"Scheduled")>0,"UPCOMING","FREE")) -> BUSY
A7: T006 | B7: Rahul Mishra | C7: Excel VBA | D7: Power BI | E7: 2 | F7: 4.8 | H7: =IF(COUNTIFS(Engagements!B:B,A7,Engagements!F:F,"Ongoing")>0,"BUSY",IF(COUNTIFS(Engagements!B:B,A7,Engagements!F:F,"Scheduled")>0,"UPCOMING","FREE")) -> BUSY
A8: T007 | B8: Neha Verma | C8: Excel VBA | D8: Excel VBA | E8: 12 | F8: 4.9 | H8: =IF(COUNTIFS(Engagements!B:B,A8,Engagements!F:F,"Ongoing")>0,"BUSY",IF(COUNTIFS(Engagements!B:B,A8,Engagements!F:F,"Scheduled")>0,"UPCOMING","FREE")) -> BUSY
A9: T008 | B9: Sneha Jain | C9: Power BI | D9: Excel VBA | E9: 12 | F9: 4.3 | H9: =IF(COUNTIFS(Engagements!B:B,A9,Engagements!F:F,"Ongoing")>0,"BUSY",IF(COUNTIFS(Engagements!B:B,A9,Engagements!F:F,"Scheduled")>0,"UPCOMING","FREE")) -> BUSY
A10: T009 | B10: Rahul Mishra | C10: Tableau | D10: Python | E10: 12 | F10: 4.6 | H10: =IF(COUNTIFS(Engagements!B:B,A10,Engagements!F:F,"Ongoing")>0,"BUSY",IF(COUNTIFS(Engagements!B:B,A10,Engagements!F:F,"Scheduled")>0,"UPCOMING","FREE")) -> BUSY
A11: T010 | B11: Karan Gupta | C11: Excel VBA | D11: Python | E11: 10 | F11: 4.9 | H11: =IF(COUNTIFS(Engagements!B:B,A11,Engagements!F:F,"Ongoing")>0,"BUSY",IF(COUNTIFS(Engagements!B:B,A11,Engagements!F:F,"Scheduled")>0,"UPCOMING","FREE")) -> BUSY
A12: T011 | B12: Vikas Sharma | C12: Power BI | D12: Power BI | E12: 3 | F12: 4.4 | H12: =IF(COUNTIFS(Engagements!B:B,A12,Engagements!F:F,"Ongoing")>0,"BUSY",IF(COUNTIFS(Engagements!B:B,A12,Engagements!F:F,"Scheduled")>0,"UPCOMING","FREE")) -> BUSY
A13: T012 | B13: Priya Verma | C13: Power BI | D13: Tableau | E13: 5 | F13: 4.6 | H13: =IF(COUNTIFS(Engagements!B:B,A13,Engagements!F:F,"Ongoing")>0,"BUSY",IF(COUNTIFS(Engagements!B:B,A13,Engagements!F:F,"Scheduled")>0,"UPCOMING","FREE")) -> BUSY
... A41: T040 | B41: Anjali Verma | C41: Excel VBA | D41: Tableau | E41: 9 | F41: 4.9 | H41: =IF(COUNTIFS(Engagements!B:B,A41,Engagements!F:F,"Ongoing")>0,"BUSY",IF(COUNTIFS(Engagements!B:B,A41,Engagements!F:F,"Scheduled")>0,"UPCOMING","FREE")) -> BUSY

Sheet Organization_Master
A1: Org_ID | B1: Organization_Name | C1: Org_Type | D1: City | E1: SPOC_Name | F1: SPOC_Mobile | G1: SPOC_Email
A2: U001 | B2: Galgotias University | C2: University | D2: Noida | E2: Priya Verma | F2: 9840339827 | G2: priya@example.com
A3: U002 | B3: GL Bajaj | C3: University | D3: Greater Noida | E3: Sneha Singh | F3: 9849783725 | G3: sneha@example.com
A4: U003 | B4: Amity University | C4: University | D4: Noida | E4: Rohit Mishra | F4: 9887387013 | G4: rohit@example.com
A5: U004 | B5: Sharda University | C5: University | D5: Greater Noida | E5: Amit Mishra | F5: 9826687437 | G5: amit@example.com
A6: U005 | B6: LPU | C6: University | D6: Jalandhar | E6: Priya Verma | F6: 9895070307 | G6: priya@example.com
A7: U006 | B7: Bennett University | C7: University | D7: Greater Noida | E7: Sneha Verma | F7: 9837915675 | G7: sneha@example.com
A8: U007 | B8: Chandigarh University | C8: University | D8: Mohali | E8: Anjali Jain | F8: 9893298012 | G8: anjali@example.com
A9: U008 | B9: Delhi University | C9: University | D9: Delhi | E9: Rahul Gupta | F9: 9888325612 | G9: rahul@example.com
A10: C001 | B10: Infosys | C10: Corporate | D10: Bangalore | E10: Vikas Jain | F10: 9843164859 | G10: vikas@example.com
A11: C002 | B11: TCS | C11: Corporate | D11: Gurgaon | E11: Rahul Singh | F11: 9846948913 | G11: rahul@example.com
A12: C003 | B12: Wipro | C12: Corporate | D12: Bangalore | E12: Rohit Sharma | F12: 9841428883 | G12: rohit@example.com
... A17: C008 | B17: Tech Mahindra | C17: Corporate | D17: Pune | E17: Pooja Gupta | F17: 9877288811 | G17: pooja@example.com

Sheet Engagements
A1: Engagement_ID | B1: Trainer_ID | C1: Org_ID | D1: Start_Date | E1: End_Date | F1: Status
A2: E001 | B2: T024 | C2: U007 | D2: 46318 | E2: 46321 | F2: Completed
A3: E002 | B3: T005 | C3: U001 | D3: 46204 | E3: 46205 | F3: Completed
A4: E003 | B4: T032 | C4: C007 | D4: 46042 | E4: 46044 | F4: Completed
A5: E004 | B5: T028 | C5: U002 | D5: 46073 | E5: 46078 | F5: Completed
A6: E005 | B6: T008 | C6: U006 | D6: 46093 | E6: 46095 | F6: Ongoing
A7: E006 | B7: T005 | C7: C006 | D7: 46195 | E7: 46196 | F7: Scheduled
A8: E007 | B8: T032 | C8: U001 | D8: 46041 | E8: 46042 | F8: Scheduled
A9: E008 | B9: T031 | C9: C008 | D9: 46122 | E9: 46123 | F9: Completed
A10: E009 | B10: T018 | C10: C005 | D10: 46146 | E10: 46150 | F10: Ongoing
A11: E010 | B11: T032 | C11: C001 | D11: 46349 | E11: 46351 | F11: Completed
A12: E011 | B12: T018 | C12: U002 | D12: 46286 | E12: 46287 | F12: Scheduled
A13: E012 | B13: T011 | C13: C008 | D13: 46110 | E13: 46115 | F13: Ongoing
... A301: E300 | B301: T027 | C301: U001 | D301: 46027 | E301: 46032 | F301: Scheduled

Sheet Past_Projects
A1: Project_ID | B1: Trainer_ID | C1: Project_Name | D1: Client | E1: Year
A2: P001 | B2: T037 | C2: HR Analytics | D2: TCS | E2: 2023
A3: P002 | B3: T040 | C3: Supply Chain Analytics | D3: TCS | E3: 2024
A4: P003 | B4: T031 | C4: Process Automation | D4: Infosys | E4: 2024
A5: P004 | B5: T028 | C5: Process Automation | D5: TCS | E5: 2026
A6: P005 | B6: T028 | C6: Process Automation | D6: HCL | E6: 2022
A7: P006 | B7: T039 | C7: Supply Chain Analytics | D7: TCS | E7: 2024
A8: P007 | B8: T027 | C8: Sales Dashboard | D8: Infosys | E8: 2024
A9: P008 | B9: T013 | C9: Process Automation | D9: Infosys | E9: 2025
A10: P009 | B10: T008 | C10: Customer Segmentation | D10: Accenture | E10: 2022
A11: P010 | B11: T020 | C11: Sales Dashboard | D11: Wipro | E11: 2022
A12: P011 | B12: T019 | C12: Customer Segmentation | D12: TCS | E12: 2024
A13: P012 | B13: T012 | C13: Financial Reporting | D13: Infosys | E13: 2022
... A101: P100 | B101: T019 | C101: Supply Chain Analytics | D101: HCL | E101: 2025

Sheet SUMMARY
A1: Trainer Resource Summary
A3: Total Trainers | B3: =COUNTA(Trainer_Master!A2:A41) -> 40
A4: Total Engagements | B4: =COUNTA(Engagements!A2:A301) -> 300
A5: Busy Today | B5: =COUNTIF(Trainer_Master!H2:H41,"BUSY") -> 37
A6: Upcoming | B6: =COUNTIF(Trainer_Master!H2:H41,"UPCOMING") -> 3
A7: Free Today | B7: =COUNTIF(Trainer_Master!H2:H41,"FREE") -> 0
A8: Completed | B8: =COUNTIFS(Engagements!F2:F301,"Completed") -> 114
A9: Corporate Engagements | B9: =COUNTIFS(Organization_Master!C2:C17,"Corporate") -> 8
A10: University Engagements | B10: =COUNTIFS(Organization_Master!C2:C17,"University") -> 8

Sheet Dashboard
B1: Trainer Engagement & Availability Management System
B3: Total Trainers | D3: Busy Today | F3: Free Today | H3: Corporate Engagement | J3: Total Engagements | L3: Upcoming | N3: Completed | P3: University Engagement
B4: =SUMMARY!B3 -> 40 | D4: =SUMMARY!B5 -> 37 | F4: =SUMMARY!B7 -> 0 | H4: =SUMMARY!B9 -> 8 | J4: =SUMMARY!B4 -> 300 | L4: =SUMMARY!B6 -> 3 | N4: =SUMMARY!B8 -> 114 | P4: =SUMMARY!B10 -> 8
S5: -12
B7: Trainer Selection Panel | G7: Past Projects | L7: Trainer Calendar - Neha Verma | 15 Jun - 06 Sep 2026
B8: Select Trainer: | C8: Neha Verma | G8: Project Name | H8: Client | I8: Year | L8: Week | M8: MON | N8: TUE | O8: WED | P8: THU | Q8: FRI | R8: SAT | S8: SUN
B9: Trainer ID | C9: =IFERROR(INDEX(Trainer_Master!$A$2:$A$41,MATCH(C8,Trainer_Master!$B$2:$B$41,0)),"") -> T007 | G9: {=IFERROR(INDEX(Past_Projects!$C$2:$C$101,SMALL(IF(Past_Projects!$B$2:$B$101=$C$9,ROW(Past_Projects!$B$2:$B$101)-1),1)),"")} -> Customer Segmentation | H9: {=IFERROR(INDEX(Past_Projects!$D$2:$D$101,SMALL(IF(Past_Projects!$B$2:$B$101=$C$9,ROW(Past_Projects!$B$2:$B$101)-1),1)),"")} -> Cognizant | I9: {=IFERROR(INDEX(Past_Projects!$E$2:$E$101,SMALL(IF(Past_Projects!$B$2:$B$101=$C$9,ROW(Past_Projects!$B$2:$B$101)-1),1)),"")} -> 2022 | L9: 46188 | M9: 15 | N9: 16 | O9: 17 | P9: 18 | Q9: 19 | R9: 20 | S9: 21
B10: Primary Course | C10: =IFERROR(INDEX(Trainer_Master!$C$2:$C$41,MATCH(C8,Trainer_Master!$B$2:$B$41,0)),"") -> Excel VBA | G10: {=IFERROR(INDEX(Past_Projects!$C$2:$C$101,SMALL(IF(Past_Projects!$B$2:$B$101=$C$9,ROW(Past_Projects!$B$2:$B$101)-1),2)),"")} -> Supply Chain Analytics | H10: {=IFERROR(INDEX(Past_Projects!$D$2:$D$101,SMALL(IF(Past_Projects!$B$2:$B$101=$C$9,ROW(Past_Projects!$B$2:$B$101)-1),2)),"")} -> Cognizant | I10: {=IFERROR(INDEX(Past_Projects!$E$2:$E$101,SMALL(IF(Past_Projects!$B$2:$B$101=$C$9,ROW(Past_Projects!$B$2:$B$101)-1),2)),"")} -> 2023 | L10: 46195 | M10: 22 | N10: 23 | O10: 24 | P10: 25 | Q10: 26 | R10: 27 | S10: 28
B11: Secondary Course | C11: =IFERROR(INDEX(Trainer_Master!$D$2:$D$41,MATCH(C8,Trainer_Master!$B$2:$B$41,0)),"") -> Excel VBA | G11: {=IFERROR(INDEX(Past_Projects!$C$2:$C$101,SMALL(IF(Past_Projects!$B$2:$B$101=$C$9,ROW(Past_Projects!$B$2:$B$101)-1),3)),"")} | H11: {=IFERROR(INDEX(Past_Projects!$D$2:$D$101,SMALL(IF(Past_Projects!$B$2:$B$101=$C$9,ROW(Past_Projects!$B$2:$B$101)-1),3)),"")} | I11: {=IFERROR(INDEX(Past_Projects!$E$2:$E$101,SMALL(IF(Past_Projects!$B$2:$B$101=$C$9,ROW(Past_Projects!$B$2:$B$101)-1),3)),"")} | L11: 46202 | M11: 29 | N11: 30 | O11: 1 | P11: 2 | Q11: 3 | R11: 4 | S11: 5
B12: Experience Years | C12: =IFERROR(INDEX(Trainer_Master!$E$2:$E$41,MATCH(C8,Trainer_Master!$B$2:$B$41,0)),"") -> 12 | L12: 46209 | M12: 6 | N12: 7 | O12: 8 | P12: 9 | Q12: 10 | R12: 11 | S12: 12
B13: Rating | C13: =IFERROR(INDEX(Trainer_Master!$F$2:$F$41,MATCH(C8,Trainer_Master!$B$2:$B$41,0)),"") -> 4.9 | L13: 46216 | M13: 13 | N13: 14 | O13: 15 | P13: 16 | Q13: 17 | R13: 18 | S13: 19
B14: Current Status | C14: =IFERROR(INDEX(Trainer_Master!$H$2:$H$41,MATCH(C8,Trainer_Master!$B$2:$B$41,0)),"") -> BUSY | L14: 46223 | M14: 20 | N14: 21 | O14: 22 | P14: 23 | Q14: 24 | R14: 25 | S14: 26
L15: 46230 | M15: 27 | N15: 28 | O15: 29 | P15: 30 | Q15: 31 | R15: 1 | S15: 2
L16: 46237 | M16: 3 | N16: 4 | O16: 5 | P16: 6 | Q16: 7 | R16: 8 | S16: 9
L17: 46244 | M17: 10 | N17: 11 | O17: 12 | P17: 13 | Q17: 14 | R17: 15 | S17: 16
L18: 46251 | M18: 17 | N18: 18 | O18: 19 | P18: 20 | Q18: 21 | R18: 22 | S18: 23
L19: 46258 | M19: 24 | N19: 25 | O19: 26 | P19: 27 | Q19: 28 | R19: 29 | S19: 30
L20: 46265 | M20: 31 | N20: 1 | O20: 2 | P20: 3 | Q20: 4 | R20: 5 | S20: 6
M21: TODAY | O21: ENGAGED | Q21: FREE
